{"Training loss": 0.6502517333844813, "_timestamp": 1668962589, "_runtime": 21, "_step": 399, "Train_acc": 0.6219512195121951, "Validation_acc": 0.6024390243902439, "Test_acc": 0.5767045454545454, "_wandb": {"runtime": 23}}