{"Training loss": 0.001102637848816812, "_timestamp": 1668978503, "_runtime": 12, "_step": 399, "Train_acc": 1.0, "Validation_acc": 0.0, "Test_acc": 0.6666666666666666, "_wandb": {"runtime": 14}}